{
    "name": "root",
    "metadata": {
        "timer_format_version": "0.1.0",
        "start_time_seconds": "1673287661",
        "python_version": "3.9.0 (tags/v3.9.0:9cf6752, Oct  5 2020, 15:34:40) [MSC v.1927 64 bit (AMD64)]",
        "command_line_arguments": "C:\\stuff\\unity projects\\shootit(urp_mobile)\\venv\\Scripts\\mlagents-learn --run-id=a1 --force",
        "mlagents_version": "0.30.0",
        "mlagents_envs_version": "0.30.0",
        "communication_protocol_version": "1.5.0",
        "pytorch_version": "1.7.1+cu110",
        "numpy_version": "1.21.2",
        "end_time_seconds": "1673287769"
    },
    "total": 107.84161569999999,
    "count": 1,
    "self": 0.008391099999982998,
    "children": {
        "run_training.setup": {
            "total": 0.035738899999999685,
            "count": 1,
            "self": 0.035738899999999685
        },
        "TrainerController.start_learning": {
            "total": 107.79748570000001,
            "count": 1,
            "self": 0.0008449000000041451,
            "children": {
                "TrainerController._reset_env": {
                    "total": 14.7204126,
                    "count": 1,
                    "self": 14.7204126
                },
                "TrainerController.advance": {
                    "total": 92.050111,
                    "count": 1,
                    "self": 3.850000000227283e-05,
                    "children": {
                        "env_step": {
                            "total": 92.0500725,
                            "count": 1,
                            "self": 92.0500652,
                            "children": {
                                "SubprocessEnvManager._take_step": {
                                    "total": 7.300000000043383e-06,
                                    "count": 1,
                                    "self": 7.300000000043383e-06
                                }
                            }
                        }
                    }
                },
                "trainer_threads": {
                    "total": 2.8999999983625457e-06,
                    "count": 1,
                    "self": 2.8999999983625457e-06
                },
                "TrainerController._save_models": {
                    "total": 1.0261143000000033,
                    "count": 1,
                    "self": 0.025853200000000243,
                    "children": {
                        "RLTrainer._checkpoint": {
                            "total": 1.000261100000003,
                            "count": 1,
                            "self": 1.000261100000003
                        }
                    }
                }
            }
        }
    }
}