{
    "name": "root",
    "metadata": {
        "timer_format_version": "0.1.0",
        "start_time_seconds": "1677667889",
        "python_version": "3.9.0 (tags/v3.9.0:9cf6752, Oct  5 2020, 15:34:40) [MSC v.1927 64 bit (AMD64)]",
        "command_line_arguments": "C:\\stuff\\unity projects\\shootit(urp_mobile)\\venv\\Scripts\\mlagents-learn --run-id=own",
        "mlagents_version": "0.30.0",
        "mlagents_envs_version": "0.30.0",
        "communication_protocol_version": "1.5.0",
        "pytorch_version": "1.7.1+cu110",
        "numpy_version": "1.21.2",
        "end_time_seconds": "1677668024"
    },
    "total": 135.3889219,
    "count": 1,
    "self": 0.006392299999987472,
    "children": {
        "run_training.setup": {
            "total": 0.021880999999999817,
            "count": 1,
            "self": 0.021880999999999817
        },
        "TrainerController.start_learning": {
            "total": 135.36064860000002,
            "count": 1,
            "self": 0.0002136000000234617,
            "children": {
                "TrainerController._reset_env": {
                    "total": 12.9045025,
                    "count": 1,
                    "self": 12.9045025
                },
                "TrainerController.advance": {
                    "total": 121.8232972,
                    "count": 1,
                    "self": 1.869999998405092e-05,
                    "children": {
                        "env_step": {
                            "total": 121.82327850000001,
                            "count": 1,
                            "self": 121.82327330000001,
                            "children": {
                                "SubprocessEnvManager._take_step": {
                                    "total": 5.200000000371574e-06,
                                    "count": 1,
                                    "self": 5.200000000371574e-06
                                }
                            }
                        }
                    }
                },
                "TrainerController._save_models": {
                    "total": 0.632635300000004,
                    "count": 1,
                    "self": 0.015804500000001553,
                    "children": {
                        "RLTrainer._checkpoint": {
                            "total": 0.6168308000000025,
                            "count": 1,
                            "self": 0.6168308000000025
                        }
                    }
                }
            }
        }
    }
}