{"count":1,"self":89.9755392,"total":92.427042399999991,"children":{"InitializeActuators":{"count":10,"self":0.0020065,"total":0.0020065,"children":null},"InitializeSensors":{"count":10,"self":0.0039946999999999995,"total":0.0039946999999999995,"children":null},"AgentSendState":{"count":6558,"self":0.048103099999999996,"total":0.4123745,"children":{"UpdateModelSpacePoses":{"count":13120,"self":0.0540767,"total":0.0540767,"children":null},"UpdateLocalSpacePoses":{"count":13120,"self":0.0847305,"total":0.0847305,"children":null},"CollectObservations":{"count":13120,"self":0.12842779999999998,"total":0.12842779999999998,"children":null},"WriteActionMask":{"count":13120,"self":0.0060161999999999993,"total":0.0060161999999999993,"children":null},"RequestDecision":{"count":13120,"self":0.0910202,"total":0.0910202,"children":null}}},"DecideAction":{"count":6558,"self":1.699573,"total":1.699573,"children":null},"AgentAct":{"count":6558,"self":0.32556959999999996,"total":0.32556959999999996,"children":null},"UpdateModelSpacePoses":{"count":393,"self":0.0019882999999999997,"total":0.0019882999999999997,"children":null},"UpdateLocalSpacePoses":{"count":393,"self":0.0050025999999999994,"total":0.0050025999999999994,"children":null}},"gauges":{"Crawler.CumulativeReward":{"count":393,"max":135.588486,"min":-1,"runningAverage":16.75656,"value":-0.9995005,"weightedAverage":3.467201}},"metadata":{"timer_format_version":"0.1.0","start_time_seconds":"1673970796","unity_version":"2021.3.0f1","command_line_arguments":"C:\\Program Files\\Unity\\Hub\\Editor\\2021.3.0f1\\Editor\\Unity.exe -projectpath C:\\stuff\\unity projects\\shootit(urp_mobile) -useHub -hubIPC -cloudEnvironment production","communication_protocol_version":"1.5.0","com.unity.ml-agents_version":"2.3.0-exp.3","scene_name":"Crawler","end_time_seconds":"1673970888"}}