{"count":1,"self":52.381856,"total":53.8490859,"children":{"InitializeActuators":{"count":10,"self":0.0010000999999999999,"total":0.0010000999999999999,"children":null},"InitializeSensors":{"count":10,"self":0.0040241999999999995,"total":0.0040241999999999995,"children":null},"AgentSendState":{"count":3655,"self":0.0210013,"total":0.2876569,"children":{"UpdateModelSpacePoses":{"count":7310,"self":0.0491862,"total":0.0491862,"children":null},"UpdateLocalSpacePoses":{"count":7310,"self":0.051991699999999995,"total":0.051991699999999995,"children":null},"CollectObservations":{"count":7310,"self":0.0941973,"total":0.0941973,"children":null},"WriteActionMask":{"count":7310,"self":0.0010004999999999999,"total":0.0010004999999999999,"children":null},"RequestDecision":{"count":7310,"self":0.070279899999999992,"total":0.070279899999999992,"children":null}}},"DecideAction":{"count":3655,"self":0.95104919999999993,"total":0.95104919999999993,"children":null},"AgentAct":{"count":3655,"self":0.2184986,"total":0.2184986,"children":null},"UpdateModelSpacePoses":{"count":212,"self":0.0040012,"total":0.0040012,"children":null},"UpdateLocalSpacePoses":{"count":212,"self":0,"total":0,"children":null}},"gauges":{"Crawler.CumulativeReward":{"count":212,"max":136.3205,"min":-1,"runningAverage":17.197504,"value":63.0494423,"weightedAverage":24.09805}},"metadata":{"timer_format_version":"0.1.0","start_time_seconds":"1671770100","unity_version":"2021.3.0f1","command_line_arguments":"C:\\Program Files\\Unity 2021.3.0f1\\Editor\\Unity.exe -projectPath C:\\stuff\\unity projects\\shootit(urp_mobile)","communication_protocol_version":"1.5.0","com.unity.ml-agents_version":"2.3.0-exp.3","scene_name":"Crawler","end_time_seconds":"1671770154"}}