{
    "name": "root",
    "metadata": {
        "timer_format_version": "0.1.0",
        "start_time_seconds": "1677682019",
        "python_version": "3.9.0 (tags/v3.9.0:9cf6752, Oct  5 2020, 15:34:40) [MSC v.1927 64 bit (AMD64)]",
        "command_line_arguments": "C:\\stuff\\unity projects\\shootit(urp_mobile)\\venv\\Scripts\\mlagents-learn --resume",
        "mlagents_version": "0.30.0",
        "mlagents_envs_version": "0.30.0",
        "communication_protocol_version": "1.5.0",
        "pytorch_version": "1.7.1+cu110",
        "numpy_version": "1.21.2",
        "end_time_seconds": "1677682311"
    },
    "total": 291.7933948,
    "count": 1,
    "self": 0.0064818000000173015,
    "children": {
        "run_training.setup": {
            "total": 0.029587699999999995,
            "count": 1,
            "self": 0.029587699999999995
        },
        "TrainerController.start_learning": {
            "total": 291.7573253,
            "count": 1,
            "self": 0.3561279999993303,
            "children": {
                "TrainerController._reset_env": {
                    "total": 10.4044168,
                    "count": 1,
                    "self": 10.4044168
                },
                "TrainerController.advance": {
                    "total": 280.8501636000007,
                    "count": 21874,
                    "self": 0.30714259999859905,
                    "children": {
                        "env_step": {
                            "total": 274.92416460000084,
                            "count": 21874,
                            "self": 243.04637020000536,
                            "children": {
                                "SubprocessEnvManager._take_step": {
                                    "total": 31.647131899997937,
                                    "count": 21874,
                                    "self": 1.492598499996376,
                                    "children": {
                                        "TorchPolicy.evaluate": {
                                            "total": 30.15453340000156,
                                            "count": 21874,
                                            "self": 30.15453340000156
                                        }
                                    }
                                },
                                "workers": {
                                    "total": 0.2306624999975444,
                                    "count": 21873,
                                    "self": 0.0,
                                    "children": {
                                        "worker_root": {
                                            "total": 214.69378300000164,
                                            "count": 21873,
                                            "is_parallel": true,
                                            "self": 59.434979700002685,
                                            "children": {
                                                "steps_from_proto": {
                                                    "total": 0.0015993999999999176,
                                                    "count": 1,
                                                    "is_parallel": true,
                                                    "self": 0.00010909999999952902,
                                                    "children": {
                                                        "_process_rank_one_or_two_observation": {
                                                            "total": 0.0014903000000003885,
                                                            "count": 4,
                                                            "is_parallel": true,
                                                            "self": 0.0014903000000003885
                                                        }
                                                    }
                                                },
                                                "UnityEnvironment.step": {
                                                    "total": 155.25720389999896,
                                                    "count": 21873,
                                                    "is_parallel": true,
                                                    "self": 1.8001842999985058,
                                                    "children": {
                                                        "UnityEnvironment._generate_step_input": {
                                                            "total": 1.6810921999988402,
                                                            "count": 21873,
                                                            "is_parallel": true,
                                                            "self": 1.6810921999988402
                                                        },
                                                        "communicator.exchange": {
                                                            "total": 147.0459222000032,
                                                            "count": 21873,
                                                            "is_parallel": true,
                                                            "self": 147.0459222000032
                                                        },
                                                        "steps_from_proto": {
                                                            "total": 4.730005199998438,
                                                            "count": 21873,
                                                            "is_parallel": true,
                                                            "self": 1.5291055999956757,
                                                            "children": {
                                                                "_process_rank_one_or_two_observation": {
                                                                    "total": 3.200899600002762,
                                                                    "count": 87492,
                                                                    "is_parallel": true,
                                                                    "self": 3.200899600002762
                                                                }
                                                            }
                                                        }
                                                    }
                                                }
                                            }
                                        }
                                    }
                                }
                            }
                        },
                        "trainer_advance": {
                            "total": 5.6188564000012775,
                            "count": 21873,
                            "self": 0.4528308999998387,
                            "children": {
                                "process_trajectory": {
                                    "total": 1.6372875000014204,
                                    "count": 21873,
                                    "self": 1.6372875000014204
                                },
                                "_update_policy": {
                                    "total": 3.5287380000000184,
                                    "count": 2,
                                    "self": 2.7237156000000198,
                                    "children": {
                                        "TorchPPOOptimizer.update": {
                                            "total": 0.8050223999999986,
                                            "count": 60,